Month,post_covid,year,median_wait,92_wait,within_18,greater_18,greater_52,greater_65,greater_78,greater_104,total_waiting,unique_patients,admitted_median,admitted_95,admitted_within_18,admitted_greater_18,total_admitted,non_admitted_median,non_admitted_95,non_admitted_within_18,non_admitted_greater_52,non_admitted_total,No. of new RTT periods,No. of new RTT periods with estimates for missing data,admitted_adjustment_median,admitted_adjusted_95,admitted_adjusted_within_18,admitted_adjusted_greater_52,admitted_adjusted_total,,,,,
01/08/2007,0.00,2007,14.29,52+,2395656.00,1791318.00,578682.00,,,,4186974.00,,15.59,52+,125334.00,22188.00,284512.00,7.35,52+,605162.00,68141.00,848812.58,,,,,,,,,,,,
01/09/2007,0.00,2007,13.35,52+,2364349.00,1633202.00,401725.00,,,,3997551.00,,15.34,52+,128145.00,19441.00,279421.00,7.52,52+,607611.00,70059.00,847530.35,,,,,,,,,,,,
01/10/2007,0.00,2007,13.15,52+,2337604.00,1602217.00,387161.00,,,,3939821.00,,14.58,52+,159995.00,21086.00,319388.00,6.71,52+,668449.00,68015.00,910514.00,,,,,,,,,,,,
01/11/2007,0.00,2007,13.33,52+,2269968.00,1651994.00,415215.00,,,,3921962.00,,13.44,52+,168956.00,18096.00,313200.00,6.16,52+,684129.00,68021.00,920948.00,,,,,,,,,,,,
01/12/2007,0.00,2007,14.28,52+,2180207.00,1681130.00,434188.00,,,,3861337.00,,11.35,52+,151774.00,12831.00,246718.00,5.52,52+,568088.00,46800.00,740311.00,,,,,,,,,,,,
01/01/2008,0.00,2008,12.28,52+,2151167.00,1359270.00,306034.00,,,,3510437.00,,12.20,52+,194851.00,16013.00,300782.00,5.92,51.69,729751.00,43893.00,908522.00,,,,,,,,,,,,
01/02/2008,0.00,2008,10.52,52+,2024628.00,1091445.00,253955.00,,,,3116073.00,,10.79,42.81,215832.00,9884.00,298749.00,4.48,39.71,707658.00,24688.00,832631.00,,,,,,,,,,,,
01/03/2008,0.00,2008,9.83,51.63,2017806.00,1038904.00,240689.00,,,,3056710.00,,8.20,28.58,239803.00,3554.00,282040.00,3.95,21.82,673800.00,7710.00,725954.00,,,8.07,27.26,242581.00,3305.00,281029.00,,,,,
01/04/2008,0.00,2008,9.02,51.09,2041274.00,898996.00,225860.00,,,,2940270.00,,8.56,29.92,256136.00,4646.00,306294.00,4.20,22.74,776261.00,10295.00,842395.00,,,8.33,28.09,261041.00,4085.00,305434.00,,,,,
01/05/2008,0.00,2008,8.09,47.42,2103566.00,768383.00,187394.00,,,,2871949.00,,8.41,29.19,240130.00,3954.00,278940.00,4.10,21.78,702230.00,9230.00,756306.00,,,8.19,27.60,243353.00,3577.00,278139.00,,,,,
01/06/2008,0.00,2008,7.41,41.36,2126177.00,617159.00,149029.00,,,,2743336.00,,8.35,27.36,254235.00,3535.00,295120.00,4.29,19.20,755802.00,7282.00,806273.00,,,8.11,25.58,258225.00,3115.00,293957.00,,,,,
01/07/2008,0.00,2008,6.93,35.16,2151245.00,499466.00,118872.00,,,,2650711.00,,8.20,24.90,273129.00,2961.00,313847.00,4.17,17.94,801170.00,6213.00,846561.00,,,7.90,23.30,278414.00,2414.00,313077.00,,,,,
01/08/2008,0.00,2008,7.27,37.34,2155168.00,520564.00,140727.00,,,,2675732.00,,8.31,24.69,231697.00,2316.00,265265.00,4.30,17.62,677282.00,4464.00,713155.00,,,8.01,22.95,235701.00,1768.00,263774.00,,,,,
01/09/2008,0.00,2008,6.80,35.81,2162608.00,470983.00,144213.00,,,,2633591.00,,8.73,24.43,263845.00,2241.00,303487.00,4.44,17.28,800264.00,4302.00,838888.00,,,8.35,22.41,269930.00,1638.00,301666.00,,,,,
01/10/2008,0.00,2008,6.23,27.68,2104538.00,370308.00,83601.00,,,,2474846.00,,8.56,24.25,279915.00,2335.00,322525.00,4.09,16.71,835159.00,3018.00,880814.00,,,8.20,22.27,285652.00,1822.00,319584.00,,,,,
01/11/2008,0.00,2008,6.26,26.59,2082990.00,349768.00,93080.00,,,,2432758.00,,8.44,23.89,259467.00,1389.00,295829.00,4.17,16.58,776425.00,2524.00,807238.00,,,8.14,21.94,267004.00,1000.00,296019.00,,,,,
01/12/2008,0.00,2008,6.94,27.20,1998655.00,347077.00,79418.00,,,,2345732.00,,7.90,22.29,241372.00,1021.00,267405.00,4.06,15.74,749536.00,1810.00,774454.00,,,7.63,20.28,247734.00,752.00,267739.00,,,,,
01/01/2009,0.00,2009,6.73,27.08,1993805.00,348634.00,83640.00,,,,2342439.00,,9.10,22.88,263102.00,872.00,296415.00,4.61,15.87,811077.00,1554.00,842649.00,,,8.60,20.01,273184.00,634.00,294762.00,,,,,
01/02/2009,0.00,2009,5.72,23.45,2038626.00,310830.00,52086.00,,,,2349456.00,,9.08,22.45,252358.00,685.00,283560.43,3.70,15.81,739427.00,1412.00,768738.76,,,8.67,20.06,261111.00,449.00,282076.00,,,,,
01/03/2009,0.00,2009,5.56,23.32,2092007.00,307580.00,48421.00,,,,2399587.00,,8.01,22.24,291740.00,832.00,325460.57,3.79,15.71,873636.00,1715.00,907077.24,,,7.74,19.99,300703.00,565.00,323987.00,,,,,
01/04/2009,0.00,2009,5.72,21.22,2192098.00,264982.00,33208.00,,,,2457080.00,,7.99,22.17,259088.00,615.00,288846.43,4.17,14.89,824755.00,1564.00,855051.76,,,7.70,19.81,267357.00,447.00,287439.00,,,,,
01/05/2009,0.00,2009,5.74,20.49,2219303.00,264732.00,32473.00,,,,2484035.00,,8.35,22.09,257004.00,632.00,283073.86,4.30,14.89,793540.00,1199.00,819795.52,,,8.07,19.62,263030.00,485.00,281378.00,,,,,
01/06/2009,0.00,2009,5.61,19.72,2271036.00,250789.00,33036.00,,,,2521825.00,,8.41,21.38,291475.00,711.00,322619.57,4.39,15.06,936590.00,1449.00,967352.24,,,8.04,19.32,299763.00,546.00,320828.00,,,,,
01/07/2009,0.00,2009,5.76,19.77,2266569.00,254131.00,33971.00,,,,2520700.00,,8.17,21.68,293404.00,810.00,324780.00,4.37,16.17,928721.00,1295.00,951430.00,,,7.83,19.31,303148.00,605.00,324764.00,,,,,
01/08/2009,0.00,2009,6.05,19.98,2243518.00,255565.00,33016.00,,,,2499083.00,,8.21,21.87,253564.00,610.00,281442.00,4.52,15.53,785914.00,1308.00,804998.00,,,7.86,19.45,262624.00,470.00,281385.00,,,,,
01/09/2009,0.00,2009,5.93,19.95,2216635.00,251191.00,33164.00,,,,2467826.00,,8.73,22.52,285170.00,755.00,319766.00,4.69,15.53,913825.00,1911.00,937399.00,,,8.27,19.64,297343.00,457.00,319467.00,,,,,
01/10/2009,0.00,2009,5.69,19.65,2193339.00,245660.00,25017.00,,,,2438999.00,,8.58,22.69,287229.00,769.00,322175.00,4.28,15.50,893394.00,1369.00,915429.00,,,8.14,19.97,299077.00,465.00,322070.00,,,,,
01/11/2009,0.00,2009,5.71,19.57,2137022.00,233974.00,21667.00,,,,2370996.00,,8.24,22.59,283951.00,614.00,318166.00,4.32,15.32,887612.00,1204.00,908889.00,,,7.92,20.19,294662.00,411.00,318162.00,,,,,
01/12/2009,0.00,2009,6.49,20.04,2128078.00,237238.00,20792.00,,,,2365316.00,,8.00,22.21,252617.00,473.00,279701.00,4.16,14.93,792428.00,939.00,810203.00,,,7.70,19.84,260308.00,280.00,279466.00,,,,,
01/01/2010,0.00,2010,6.55,20.26,2075443.00,239617.00,20737.00,,,,2315060.00,,9.19,23.24,251972.00,566.00,285034.00,4.90,15.54,794900.00,882.00,813679.00,,,8.73,20.33,263501.00,315.00,284896.00,,,,,
01/02/2010,0.00,2010,5.31,19.69,2109991.00,227656.00,18681.00,,,,2337647.00,,9.50,23.49,263698.00,657.00,300250.00,3.80,15.52,827198.00,782.00,846361.00,,,9.06,20.88,275335.00,328.00,299991.00,,,,,
01/03/2010,0.00,2010,5.24,18.91,2205542.00,214983.00,18494.00,,,,2420525.00,,8.29,23.44,311428.00,645.00,351565.00,3.85,15.38,957320.00,1091.00,979206.00,,,7.98,21.19,322462.00,342.00,350951.00,,,,,
01/04/2010,0.00,2010,5.63,19.01,2314835.00,220050.00,21109.00,,,,2534885.00,,8.31,23.68,256415.00,468.00,290216.00,4.34,14.39,822721.00,921.00,847179.78,,,8.03,21.30,265895.00,317.00,289154.00,,,,,
01/05/2010,0.00,2010,5.53,18.15,2391940.00,211994.00,18492.00,,,,2603934.00,,8.66,23.58,263013.00,483.00,291845.00,4.31,14.64,842612.00,1039.00,858750.00,,,8.37,21.24,270648.00,349.00,291664.00,,,,,
01/06/2010,0.00,2010,5.68,18.65,2412353.00,226375.00,18342.00,,,,2638728.00,,8.64,22.28,291012.00,590.00,323619.00,4.39,14.92,942117.00,877.00,960022.00,,,8.32,20.02,300549.00,430.00,323413.00,,,,,
01/07/2010,0.00,2010,5.80,19.21,2440865.00,245788.00,19619.00,,,,2686653.00,,8.69,22.36,280785.00,671.00,313814.00,4.27,14.92,921418.00,849.00,940109.00,,,8.34,19.84,292098.00,327.00,313720.00,,,,,
01/08/2010,0.00,2010,6.23,19.95,2418967.00,265972.00,20889.00,,,,2684939.00,,8.61,22.63,257921.00,513.00,288308.00,4.38,15.00,856885.00,787.00,874747.00,,,8.27,19.98,268267.00,286.00,288244.00,,,,,
01/09/2010,0.00,2010,6.02,19.58,2368700.00,252309.00,13476.00,,,,2621009.00,,9.13,23.26,275387.00,550.00,312812.00,4.73,15.46,927108.00,720.00,948233.00,,,8.70,20.41,289261.00,303.00,313230.00,,,,,
01/10/2010,0.00,2010,5.86,19.77,2344922.00,253287.00,14265.00,,,,2598209.00,,9.08,23.40,268162.00,609.00,305751.18,4.25,15.65,862251.00,1090.00,888651.41,,,8.67,20.72,280995.00,315.00,304634.00,,,,,
01/11/2010,0.00,2010,5.86,20.06,2298511.00,254671.00,13579.00,,,,2553182.00,,8.62,23.48,286524.00,575.00,327127.00,4.25,15.66,919934.00,996.00,949349.00,,,8.32,20.94,298302.00,321.00,324941.00,,,,,
01/12/2010,0.00,2010,6.91,21.49,2176569.00,279553.00,14748.00,,,,2456122.00,,8.20,23.11,227192.00,428.00,257225.18,4.14,15.32,728293.00,860.00,752266.41,,,7.92,20.92,234891.00,258.00,255359.00,,,,,
01/01/2011,0.00,2011,6.52,21.59,2134302.00,280112.00,14299.00,,,,2414414.00,,9.55,24.88,245258.00,512.00,285161.00,4.80,16.06,827029.00,858.00,850814.00,,,9.10,22.42,257738.00,334.00,284860.00,,,,,
01/02/2011,0.00,2011,5.48,21.29,2183823.00,278106.00,14884.00,,,,2461929.00,,9.46,25.22,248434.00,701.00,289984.00,3.49,16.09,798020.00,1089.00,821572.00,,,9.04,22.80,260238.00,423.00,290316.00,,,,,
01/03/2011,0.00,2011,5.45,20.67,2215337.00,260281.00,14359.00,,,,2475618.00,,8.19,25.32,291228.00,808.00,338297.00,3.65,15.77,925657.00,1105.00,952293.00,,,7.94,23.42,303043.00,497.00,338620.00,,,,,
01/04/2011,0.00,2011,6.01,19.90,2265770.00,244220.00,14970.00,,,,2509990.00,,7.93,25.17,229022.00,634.00,263604.00,3.70,14.67,727165.00,881.00,746527.00,,,7.67,22.93,238025.00,408.00,263856.00,,,,,
01/05/2011,0.00,2011,6.13,18.83,2346650.00,233822.00,14072.00,,,,2580472.00,,8.71,25.81,261825.00,811.00,298551.00,4.45,15.21,854969.00,1188.00,875922.00,,,8.44,23.70,270375.00,536.00,298605.00,,,,,
01/06/2011,0.00,2011,5.65,18.85,2343270.00,227644.00,13261.00,,,,2570914.00,,9.03,25.64,279566.00,1039.00,322060.00,4.05,15.57,913606.00,1129.00,937234.00,,,8.68,23.10,289621.00,718.00,321769.00,,,,,
01/07/2011,0.00,2011,5.76,19.47,2364495.00,247411.00,19937.00,,,,2611906.00,,8.52,24.60,261519.00,874.00,301063.00,3.92,15.78,830654.00,1155.00,853392.00,,,8.18,22.49,273206.00,601.00,302142.00,,,,,
01/08/2011,0.00,2011,6.17,19.75,2369340.00,245658.00,19938.00,,,,2614998.00,,8.51,24.97,259814.00,1031.00,300371.00,4.12,15.65,852011.00,1044.00,876453.00,,,8.14,22.61,271774.00,759.00,301190.00,,,,,
01/09/2011,0.00,2011,6.04,19.32,2353826.00,243562.00,20097.00,,,,2597388.00,,9.19,25.41,269559.00,1094.00,311714.00,4.46,16.02,883768.00,1132.00,909628.00,,,8.76,22.80,282039.00,770.00,311536.00,,,,,
01/10/2011,0.00,2011,5.73,19.03,2333475.00,234030.00,11132.00,,,,2567505.00,,8.84,24.98,265918.00,956.00,305256.00,3.95,16.09,858427.00,1064.00,884190.00,,,8.42,22.04,278253.00,657.00,305722.00,,,,,
01/11/2011,0.00,2011,5.72,18.71,2282411.00,218290.00,7324.00,,,,2500701.00,,8.41,24.48,285445.00,958.00,326562.00,4.01,16.15,913445.00,1184.00,942033.00,,,8.11,22.09,296984.00,654.00,326551.00,,,,,
01/12/2011,0.00,2011,6.31,18.62,2205853.00,209277.00,6315.00,,,,2415130.00,,8.06,24.06,237293.00,754.00,272125.09,3.80,15.74,745171.00,998.00,776392.55,,,7.76,21.88,245777.00,548.00,269130.00,,,,,
01/01/2012,0.00,2012,5.93,17.85,2200603.00,187996.00,6142.00,,,,2388599.00,,9.17,24.67,264050.00,861.00,306202.05,4.42,16.08,854407.00,1133.00,890305.27,,,8.77,22.08,276324.00,580.00,303148.00,,,,,
01/02/2012,0.00,2012,5.18,17.53,2231213.00,179942.00,5897.00,,,,2411155.00,,9.10,24.35,263624.00,860.00,304161.05,3.56,16.11,819537.00,1062.00,854170.27,,,8.74,21.92,273738.00,560.00,300595.00,,,,,
01/03/2012,0.00,2012,5.21,16.98,2278210.00,165742.00,5393.00,,,,2443952.00,,8.28,24.11,286595.00,727.00,329228.00,3.64,15.77,866656.00,1075.00,900084.00,,,8.08,22.17,296052.00,598.00,325487.00,,,,,
01/04/2012,0.00,2012,5.48,15.97,2358889.00,151758.00,4457.00,,,,2510647.00,,8.25,23.82,238974.00,468.00,272875.14,4.02,15.02,766082.00,635.00,793599.82,,,8.05,21.67,247594.00,373.00,269625.00,,,,,
01/05/2012,0.00,2012,5.29,16.18,2440100.00,146581.00,3552.00,,,,2586681.00,,8.63,23.72,290949.00,549.00,327305.00,4.08,15.24,926794.00,717.00,957487.00,,,8.44,21.61,299207.00,434.00,323565.00,,,,,
01/06/2012,0.00,2012,5.71,16.53,2488077.00,154835.00,3503.00,,,,2642912.00,,8.64,23.48,245687.00,563.00,276492.00,4.24,15.58,771068.00,556.00,789049.00,,,8.42,21.35,254260.00,427.00,276453.00,,,,,
01/07/2012,0.00,2012,5.47,16.35,2521975.00,159909.00,2959.00,,,,2681884.00,,8.74,23.17,280476.00,608.00,315140.00,4.12,15.74,899714.00,699.00,922128.00,,,8.50,20.82,291318.00,449.00,315106.00,,,,,
01/08/2012,0.00,2012,5.85,16.30,2518718.00,161740.00,2352.00,,,,2680458.00,,8.52,23.25,266263.00,615.00,298613.00,4.26,15.70,852716.00,546.00,873924.00,,,8.28,20.92,276377.00,479.00,298598.00,,,,,
01/09/2012,0.00,2012,5.80,16.21,2519001.00,165992.00,1868.00,,,,2684993.00,,9.09,23.99,257325.00,614.00,292098.00,4.72,16.13,830950.00,508.00,853627.00,,,8.81,21.20,268994.00,480.00,292044.00,,,,,
01/10/2012,0.00,2012,5.31,16.15,2540641.00,156461.00,1580.00,,,,2697102.00,,8.82,23.42,299903.00,545.00,337230.00,4.25,15.95,975317.00,724.00,1001586.00,,,8.59,20.89,311964.00,436.00,337195.00,,,,,
01/11/2012,0.00,2012,5.40,16.04,2497401.00,153612.00,1446.00,,,,2651013.00,,8.53,23.28,292817.00,483.00,327957.00,4.25,15.93,926132.00,512.00,950458.00,,,8.35,20.77,303658.00,352.00,327945.00,,,,,
01/12/2012,0.00,2012,6.08,16.24,2465567.00,159835.00,1384.00,,,,2625402.00,,8.13,22.62,233445.00,306.00,258194.00,4.01,15.51,737714.00,303.00,756066.00,,,7.98,20.48,240083.00,233.00,258137.00,,,,,
01/01/2013,0.00,2013,6.04,16.53,2435548.00,162258.00,1141.00,,,,2597806.00,,9.42,23.51,282410.00,468.00,317524.00,4.84,15.98,929383.00,333.00,953847.00,,,9.18,20.96,293602.00,370.00,317545.00,,,,,
01/02/2013,0.00,2013,5.12,16.46,2467751.00,164518.00,962.00,,,,2632269.00,,9.41,23.35,264381.00,340.00,297264.00,3.84,16.06,836323.00,306.00,858432.00,,,9.22,21.21,273729.00,262.00,297242.00,,,,,
01/03/2013,0.00,2013,5.50,16.56,2523274.00,154223.00,474.00,,,,2677497.00,,8.38,23.39,263892.00,470.00,295886.00,3.92,15.98,834593.00,259.00,855801.00,,,8.24,21.53,272192.00,382.00,295857.00,,,,,
01/04/2013,0.00,2013,5.56,15.77,2596934.00,151874.00,391.00,,,,2748808.00,,8.64,23.79,269126.00,341.00,304135.00,5.07,16.10,806555.00,217.00,830660.00,,,8.50,21.87,278641.00,251.00,304292.00,,,,,
01/05/2013,0.00,2013,5.61,16.21,2699788.00,147585.00,434.00,,,,2847373.00,,8.81,23.97,277255.00,244.00,309116.00,4.85,15.92,817245.00,200.00,839089.00,,,8.67,22.39,284341.00,171.00,309032.00,,,,,
01/06/2013,0.00,2013,5.68,16.37,2724755.00,154449.00,295.00,,,,2879204.00,,8.83,23.64,265761.00,262.00,298778.00,5.19,16.26,790768.00,253.00,812906.00,,,8.69,21.88,273719.00,199.00,298733.00,,,,,
01/07/2013,0.00,2013,5.63,16.14,2745065.00,161424.00,368.00,,,,2906489.00,,8.76,23.23,295183.00,258.00,331637.00,5.04,16.28,883286.00,211.00,909447.00,,,8.58,21.41,305144.00,171.00,331650.00,,,,,
01/08/2013,0.00,2013,6.16,16.62,2767545.00,169436.00,350.00,,,,2936981.00,,8.79,23.33,257260.00,206.00,288597.00,5.21,16.43,753366.00,163.00,776092.00,,,8.62,21.43,265926.00,144.00,288589.00,,,,,
01/09/2013,0.00,2013,5.95,16.58,2747304.00,170873.00,409.00,,,,2918177.00,,9.39,23.99,272272.00,268.00,310869.00,5.67,16.80,820396.00,165.00,851181.00,,,9.15,21.88,283640.00,174.00,310091.00,,,,,
01/10/2013,0.00,2013,5.59,16.65,2776214.00,175282.00,461.00,,,,2951496.00,,9.20,23.85,296021.00,257.00,339605.67,5.13,16.87,900677.00,224.00,940670.95,,,8.97,21.92,307118.00,178.00,336193.00,,,,,
01/11/2013,0.00,2013,5.71,16.74,2739358.00,179024.00,418.00,,,,2918382.00,,8.88,23.84,283626.00,223.00,325321.00,5.12,17.02,848502.00,134.00,887532.00,,,8.72,22.08,293140.00,152.00,322197.00,,,,,
01/12/2013,0.00,2013,6.28,16.96,2748295.00,191769.00,520.00,,,,2940064.00,,8.41,23.50,240196.00,165.00,274711.19,4.88,16.59,739866.00,66.00,776601.95,,,8.28,21.94,246617.00,109.00,269708.00,,,,,
01/01/2014,0.00,2014,6.23,17.09,2768314.00,196925.00,634.00,,,,2965239.00,,9.65,24.90,286375.00,305.00,334249.81,5.75,17.10,885835.00,223.00,932882.05,,,9.43,23.32,296918.00,237.00,328715.00,,,,,
01/02/2014,0.00,2014,5.41,17.08,2810846.00,201407.00,743.00,,,,3012253.00,,9.67,24.85,260945.00,323.00,307950.00,4.75,17.14,795478.00,176.00,839956.23,,,9.50,23.42,270167.00,263.00,300837.00,,,,,
01/03/2014,0.00,2014,5.46,16.87,2855762.00,196518.00,692.00,,,,3052280.00,,8.85,25.05,278082.00,348.00,329653.65,4.82,17.13,840196.00,193.00,890592.90,,,8.75,23.95,286862.00,290.00,321190.00,,,,,
01/04/2014,0.00,2014,5.87,16.29,2919102.00,200707.00,720.00,,,,3119809.00,,8.71,24.64,261532.00,300.00,303028.90,5.01,16.92,816658.00,166.00,857187.14,,,8.59,23.47,268608.00,236.00,298682.00,,,,,
01/05/2014,0.00,2014,6.22,16.91,2990862.00,205765.00,776.00,,,,3196627.00,,9.27,25.36,265798.00,376.00,306182.90,5.54,16.86,825424.00,189.00,864872.14,,,9.14,24.31,271802.00,319.00,301822.00,,,,,
01/06/2014,0.00,2014,5.78,16.89,3014157.00,206776.00,776.00,,,,3220933.00,,9.52,25.21,276972.00,332.00,322579.00,5.43,17.20,881406.00,252.00,925913.00,,,9.36,23.91,284495.00,267.00,318078.00,,,,,
01/07/2014,0.00,2014,5.86,17.17,3008461.00,219579.00,730.00,,,,3228040.00,,9.00,24.85,285891.00,369.00,339717.33,5.25,17.42,898797.00,199.00,970282.90,,,8.85,23.78,293990.00,292.00,329460.00,,,,,
01/08/2014,0.00,2014,6.44,17.30,3021812.00,226503.00,688.00,,,,3248315.00,,9.09,25.70,243435.00,390.00,294426.33,5.50,17.68,740727.00,259.00,804522.05,,,8.94,24.60,250955.00,324.00,285634.00,,,,,
01/09/2014,0.00,2014,6.20,17.06,3002866.00,221739.00,646.00,,,,3224605.00,,9.74,25.82,275296.00,344.00,336176.67,5.98,17.88,862269.00,158.00,953812.35,,,9.53,24.53,284738.00,265.00,322664.00,,,,,
01/10/2014,0.00,2014,5.81,17.25,3009016.00,230258.00,665.00,,,,3239274.00,,9.53,25.15,284770.00,293.00,346849.02,5.41,17.90,887597.00,113.00,989032.28,,,9.33,23.78,293729.00,224.00,330247.00,,,,,
01/11/2014,0.00,2014,5.82,17.09,2997768.00,225858.00,646.00,,,,3223626.00,,9.30,25.59,268173.00,265.00,326861.26,5.41,18.30,828839.00,95.00,911409.60,,,9.17,24.56,275631.00,206.00,315243.00,,,,,
01/12/2014,0.00,2014,6.55,17.46,2939263.00,235551.00,684.00,,,,3174814.00,,8.52,23.85,246786.00,162.00,295081.82,5.14,17.64,783711.00,121.00,869626.53,,,8.42,22.79,252310.00,136.00,279865.00,,,,,
01/01/2015,0.00,2015,6.65,17.65,2900439.00,241244.00,725.00,,,,3141683.00,,9.87,25.39,260213.00,225.00,316644.82,6.09,18.01,847819.00,890.00,934408.53,,,9.70,24.26,268880.00,166.00,303288.00,,,,,
01/02/2015,0.00,2015,5.57,17.29,2918882.00,226969.00,727.00,,,,3145851.00,,10.18,26.09,256214.00,198.00,315460.54,5.15,18.38,801810.00,134.00,886641.60,,,10.03,25.09,263185.00,155.00,302731.00,,,,,
01/03/2015,0.00,2015,5.56,17.23,2980034.00,229259.00,751.00,,,,3209293.00,,9.21,26.17,283791.00,228.00,348762.10,5.03,17.93,885466.00,382.00,974950.46,,,9.09,25.38,290391.00,180.00,334836.00,,,,,
01/04/2015,0.00,2015,5.92,16.54,3056227.00,229068.00,713.00,,,,3285295.00,,9.11,26.00,249141.00,185.00,310722.36,5.46,17.87,805734.00,141.00,900393.14,,,9.00,25.07,255640.00,147.00,292208.00,,,,,
01/05/2015,0.00,2015,6.01,17.02,3163090.00,229475.00,752.00,,,,3392565.00,,9.36,26.33,251104.00,193.00,304433.73,5.45,17.56,788093.00,128.00,866010.31,,,9.26,25.56,256040.00,152.00,290346.00,,,,,
01/06/2015,0.00,2015,6.02,17.20,3170254.00,239737.00,868.00,,,,3409991.00,,9.46,26.54,281526.00,212.00,344635.32,5.57,17.89,922856.00,186.00,1015543.13,,,9.34,25.66,288084.00,166.00,328565.00,,,,,
01/07/2015,0.00,2015,5.97,17.38,3216814.00,255626.00,903.00,,,,3472440.00,,9.23,25.82,280791.00,180.00,345544.01,5.40,18.34,906373.00,262.00,1004570.95,,,9.09,24.94,287935.00,139.00,329050.00,,,,,
01/08/2015,0.00,2015,6.47,17.62,3245148.00,267329.00,855.00,,,,3512477.00,,9.22,26.39,241656.00,201.00,298053.89,5.56,18.72,777815.00,199.00,862913.12,,,9.09,25.50,247528.00,162.00,284508.00,,,,,
01/09/2015,0.00,2015,6.52,17.69,3222858.00,268456.00,872.00,,,,3491314.00,,9.76,27.09,265547.00,192.00,334581.78,6.10,19.51,893991.00,169.00,997468.54,,,9.59,26.19,273423.00,137.00,319676.00,,,,,
01/10/2015,0.00,2015,6.16,17.81,3247054.00,285760.00,987.00,,,,3532814.00,,9.73,27.13,263475.00,268.00,333594.78,5.75,19.79,890021.00,352.00,1003470.54,1485369.00,1605078.33,,,,,,,,,,
01/11/2015,0.00,2015,6.06,17.76,3242202.00,283212.00,954.00,,,,3525414.00,,9.37,27.31,260022.00,346.00,330490.15,5.67,20.17,894358.00,442.00,1010527.19,1450031.00,1564299.00,,,,,,,,,,
01/12/2015,0.00,2015,6.74,18.16,3226069.00,303445.00,934.00,,,,3529514.00,,8.83,26.59,231392.00,215.00,293251.15,5.34,19.99,811149.00,261.00,920233.19,1351414.00,1465682.00,,,,,,,,,,
01/01/2016,0.00,2016,6.85,18.00,3226794.00,297908.00,904.00,,,,3524702.00,,10.17,28.23,238458.00,328.00,310486.43,6.30,20.93,850230.00,372.00,967198.80,1434066.00,1542892.67,,,,,,,,,,
01/02/2016,0.00,2016,5.85,17.93,3281472.00,298051.00,868.00,,,,3579523.00,,10.22,28.48,245560.00,302.00,321062.15,5.40,20.50,868738.00,433.00,987536.19,1505461.00,1619729.00,,,,,,,,,,
01/03/2016,0.00,2016,6.35,18.46,3346700.00,328598.00,1024.00,,,,3675298.00,,9.28,28.38,244545.00,305.00,312704.88,5.33,20.51,879984.00,541.00,983749.83,1572127.00,1646658.00,,,,,,,,,,
01/04/2016,0.00,2016,6.57,18.51,3452534.00,333626.00,1039.00,,,,3786160.00,,9.62,29.18,236115.00,320.00,308803.88,5.86,21.12,869205.00,504.00,980336.83,1583739.00,1665094.00,,,,,,,,,,
01/05/2016,0.00,2016,6.42,18.16,3511730.00,330031.00,1162.00,,,,3841761.00,,9.98,29.81,242810.00,362.00,313110.32,5.81,21.28,897361.00,616.00,1003902.79,1550496.00,1627976.95,,,,,,,,,,
01/06/2016,0.00,2016,6.46,18.42,3506201.00,341472.00,1099.00,,,,3847673.00,,9.81,30.15,253379.00,452.00,334744.55,5.94,20.97,935106.00,591.00,1063784.27,1601725.00,1700917.45,,,,,,,,,,
01/07/2016,0.00,2016,6.59,18.76,3529663.00,354801.00,1234.00,,,,3884464.00,,9.71,30.09,238850.00,494.00,316542.78,5.88,21.65,853297.00,589.00,978795.38,1532038.00,1626721.70,,,,,,,,,,
01/08/2016,0.00,2016,6.96,18.90,3540616.00,370767.00,1219.00,,,,3911383.00,,9.69,29.89,239004.00,533.00,315949.25,5.94,22.08,875130.00,1456.00,1004931.97,1532416.00,1631608.45,,,,,,,,,,
01/09/2016,0.00,2016,6.90,19.13,3539516.00,382843.00,1342.00,,,,3922359.00,,10.45,30.90,242876.00,580.00,329203.25,6.55,22.57,910528.00,1230.00,1055139.97,1588655.00,1687847.45,,,,,,,,,,
01/10/2016,0.00,2016,6.53,19.32,3523839.00,379929.00,1576.00,,,,3903768.00,,10.27,31.39,240558.00,622.00,322763.69,6.16,23.27,908674.00,1751.00,1048358.47,1573928.00,1654905.65,,,,,,,,,,
01/11/2016,0.00,2016,6.47,19.32,3485623.00,372653.00,1382.00,,,,3858276.00,,10.06,31.25,259122.00,690.00,345444.20,6.05,23.35,983991.00,1849.00,1127172.11,1657024.00,1724422.26,,,,,,,,,,
01/12/2016,0.00,2016,7.17,20.03,3433169.00,400653.00,1377.00,,,,3833822.00,,9.31,30.67,217654.00,638.00,285461.91,5.64,22.90,809979.00,1480.00,928435.83,1398622.00,1460906.80,,,,,,,,,,
01/01/2017,0.00,2017,7.19,19.75,3405696.00,387034.00,1495.00,,,,3792730.00,,10.60,32.28,235955.00,773.00,317779.45,6.66,23.82,932861.00,1818.00,1073430.84,1588726.00,1651534.04,,,,,,,,,,
01/02/2017,0.00,2017,6.20,19.75,3437952.00,388744.00,1676.00,,,,3826696.00,,10.88,32.71,224974.00,931.00,305241.09,5.83,23.30,880694.00,949.00,1009693.18,1532687.00,1595916.71,,,,,,,,,,
01/03/2017,0.00,2017,6.18,19.51,3513356.00,384174.00,1621.00,,,,3897530.00,,10.14,32.83,258332.00,970.00,350922.15,5.55,22.79,1005564.00,1073.00,1147578.16,1787232.00,1850942.21,,,,,,,,,,
01/04/2017,0.00,2017,6.80,19.96,3541019.00,404135.00,1661.00,,,,3945154.00,,9.66,32.71,201069.00,799.00,273776.38,5.57,22.72,810160.00,1160.00,922277.86,1436983.00,1486843.16,,,,,,,,,,
01/05/2017,0.00,2017,7.10,19.38,3586367.00,387369.00,1744.00,,,,3973736.00,,10.05,32.95,237633.00,1131.00,319480.78,6.12,23.03,970436.00,1684.00,1105089.84,1666097.00,1724267.19,,,,,,,,,,
01/06/2017,0.00,2017,6.64,19.50,3615594.00,397317.00,1743.00,,,,4012911.00,,10.31,33.22,237751.00,1103.00,323833.58,5.87,22.43,971963.00,968.00,1116024.50,1711834.00,1779515.63,,,,,,,,,,
01/07/2017,0.00,2017,6.58,19.77,3616350.00,414648.00,1843.00,,,,4030998.00,,9.83,33.26,227912.00,1056.00,310209.78,5.77,22.57,930938.00,1229.00,1074754.84,1625701.00,1690306.19,,,,,,,,,,
01/08/2017,0.00,2017,7.07,20.53,3630406.00,435737.00,1935.00,,,,4066143.00,,9.74,32.57,222954.00,1015.00,305673.58,5.83,23.02,924939.00,1109.00,1064671.17,1612863.00,1680544.63,,,,,,,,,,
01/09/2017,0.00,2017,7.19,20.32,3621399.00,449702.00,1980.00,,,,4071101.00,,10.37,33.14,217576.00,1061.00,304127.42,6.36,23.71,908818.00,834.00,1064525.80,1568564.00,1652262.01,,,,,,,,,,
01/10/2017,0.00,2017,6.69,20.26,3624308.00,441547.00,1728.00,,,,4065855.00,,10.39,33.35,234281.00,1107.00,327417.09,6.02,23.41,973422.00,879.00,1149771.17,1669601.00,1770332.72,,,,,,,,,,
01/11/2017,0.00,2017,6.61,20.19,3585185.00,435440.00,1671.00,,,,4020625.00,,10.00,33.29,238467.00,858.00,332403.61,5.92,23.70,989847.00,846.00,1176938.50,1644925.00,1754641.77,,,,,,,,,,
01/12/2017,0.00,2017,7.44,21.31,3520138.00,475790.00,1842.00,,,,3995928.00,,9.21,32.10,193089.00,547.00,260252.93,5.62,23.40,786006.00,622.00,918499.39,1336987.00,1409959.67,,,,,,,,,,
01/01/2018,0.00,2018,7.56,21.27,3501481.00,482475.00,2119.00,,,,3983956.00,,10.18,33.20,223360.00,740.00,306592.24,6.56,24.37,978058.00,792.00,1150904.34,1657878.00,1748859.47,,,,,,,,,,
01/02/2018,0.00,2018,6.59,21.39,3518355.00,495763.00,2485.00,,,,4014118.00,,10.56,34.12,204707.00,713.00,285923.21,5.62,24.08,862680.00,813.00,1012504.26,1522794.00,1604294.95,,,,,,,,,,
01/03/2018,0.00,2018,6.93,21.87,3570304.00,532695.00,3006.00,,,,4102999.00,,9.58,34.41,210847.00,869.00,294492.67,5.42,23.81,889663.00,891.00,1044275.28,1633324.00,1718900.00,,,,,,,,,,
01/04/2018,0.00,2018,6.89,21.96,3664629.00,529885.00,3044.00,,,,4194514.00,,10.12,35.81,205679.00,1188.00,292857.21,5.87,24.83,886504.00,1251.00,1035238.26,1640427.00,1693039.95,,,,,,,,,,
01/05/2018,0.00,2018,6.88,21.52,3762039.00,515383.00,3264.00,,,,4277422.00,,10.01,35.87,226925.00,1289.00,315440.72,5.71,24.83,978385.00,1233.00,1130253.98,1746208.00,1808559.55,,,,,,,,,,
01/06/2018,0.00,2018,7.04,21.50,3777933.00,531932.00,3680.00,,,,4309865.00,,9.96,36.18,222643.00,1349.00,311546.72,5.90,24.92,944380.00,1264.00,1098547.98,1675427.00,1737778.55,,,,,,,,,,
01/07/2018,0.00,2018,7.05,21.55,3788256.00,534490.00,3628.00,,,,4322746.00,,9.88,36.21,226895.00,1473.00,316349.37,5.82,24.49,966346.00,1228.00,1127507.69,1714390.00,1779710.67,,,,,,,,,,
01/08/2018,0.00,2018,7.54,22.11,3790290.00,560527.00,3569.00,,,,4350817.00,,9.74,36.24,217288.00,1360.00,299827.37,5.84,24.57,904059.00,1048.00,1055185.69,1634177.00,1700161.67,,,,,,,,,,
01/09/2018,0.00,2018,7.63,22.15,3741621.00,580565.00,3321.00,,,,4322186.00,,10.44,36.33,207550.00,1412.00,292611.07,6.47,25.66,880762.00,1178.00,1044538.26,1553736.00,1613118.43,,,,,,,,,,
01/10/2018,0.00,2018,7.00,21.96,3774507.00,565560.00,2978.00,,,,4340067.00,,10.41,36.39,238070.00,1544.00,335011.94,6.10,25.42,1033659.00,1525.00,1213004.31,1841759.00,1897657.02,,,,,,,,,,
01/11/2018,0.00,2018,6.91,21.95,3754687.00,553084.00,2594.00,,,,4307771.00,,9.98,36.33,234334.00,1399.00,329504.37,5.98,25.71,1015164.00,1312.00,1192144.69,1757848.00,1811315.67,,,,,,,,,,
01/12/2018,0.00,2018,7.59,22.67,3704631.00,580177.00,2400.00,,,,4284808.00,,9.23,35.01,191452.00,946.00,260492.24,5.61,25.31,823320.00,861.00,953033.72,1431137.00,1467814.57,,,,,,,,,,
01/01/2019,0.00,2019,7.76,22.52,3694930.00,573726.00,2328.00,,,,4268656.00,,10.73,36.92,229259.00,1293.00,320181.47,6.71,26.45,1031973.00,1632.00,1198155.79,1794128.00,1822633.37,,,,,,,,,,
01/02/2019,0.00,2019,6.69,22.06,3728402.00,577655.00,2188.00,,,,4306057.00,,10.76,36.79,204859.00,1071.00,292656.98,5.83,26.11,903945.00,1058.00,1059070.90,1638322.00,1686078.70,,,,,,,,,,
01/03/2019,0.00,2019,6.88,22.30,3751162.00,594305.00,1377.00,,,,4345467.00,,10.26,37.44,218308.00,1385.00,314080.33,5.63,25.57,959981.00,1325.00,1126052.00,1741493.00,1786535.39,,,,,,,,,,
01/04/2019,0.00,2019,7.25,22.58,3798893.00,610731.00,1270.00,,,,4409624.00,,9.98,37.18,200499.00,727.00,288517.89,5.76,25.66,916599.00,911.00,1074920.72,1656081.00,1698978.52,,,,,,,,,,
01/05/2019,0.00,2019,7.73,22.97,3890181.00,607565.00,1255.00,,,,4497746.00,,10.31,37.22,215462.00,736.00,304605.33,6.29,26.00,971840.00,922.00,1133309.00,1755805.00,1800847.39,,,,,,,,,,
01/06/2019,0.00,2019,7.49,22.40,3874883.00,632416.00,1312.00,,,,4507299.00,,10.62,37.25,208528.00,763.00,296253.70,6.25,26.52,929326.00,867.00,1093406.72,1641179.00,1684076.52,,,,,,,,,,
01/07/2019,0.00,2019,7.35,22.69,3865541.00,657354.00,1264.00,,,,4522895.00,,10.17,37.43,226152.00,902.00,324941.31,6.09,25.84,1022871.00,932.00,1225994.38,1801797.00,1868204.34,,,,,,,,,,
01/08/2019,0.00,2019,8.02,23.65,3859348.00,698943.00,1468.00,,,,4558291.00,,10.02,37.59,197404.00,738.00,286018.37,6.06,26.22,867487.00,784.00,1048919.60,1577132.00,1637764.79,,,,,,,,,,
01/09/2019,0.00,2019,7.99,23.91,3858198.00,709012.00,1537.00,,,,4567210.00,,10.71,38.44,204011.00,910.00,297964.24,6.81,27.46,919697.00,925.00,1123584.60,1637851.00,1698483.79,,,,,,,,,,
01/10/2019,0.00,2019,7.56,23.74,3876658.00,718525.00,1553.00,,,,4595183.00,,10.80,38.22,222984.00,1120.00,327301.31,6.44,27.96,1018263.00,1371.00,1244514.38,1812825.00,1879232.34,,,,,,,,,,
01/11/2019,0.00,2019,7.66,23.91,3836809.00,726996.00,1630.00,,,,4563805.00,,10.47,38.33,212632.00,1087.00,311662.24,6.38,28.21,947316.00,1532.00,1164427.60,1656910.00,1717542.79,,,,,,,,,,
01/12/2019,0.00,2019,8.33,24.86,3806817.00,758421.00,1699.00,,,,4565238.00,,9.65,37.75,182692.00,813.00,261498.70,5.98,27.55,827022.00,1043.00,1008337.72,1459872.00,1517617.52,,,,,,,,,,
01/01/2020,0.00,2020,8.45,25.07,3798855.00,767166.00,1875.00,,,,4566021.00,,11.12,39.74,211959.00,1293.00,313663.77,7.19,29.00,977161.00,1371.00,1206127.49,1738294.00,1801814.07,,,,,,,,,,
01/02/2020,0.00,2020,7.52,24.72,3791778.00,781897.00,1845.00,,,,4573675.00,,11.28,39.91,197369.00,1330.00,293985.70,6.34,29.58,887992.00,1492.00,1092843.72,1600454.00,1658199.52,,,,,,,,,,
01/03/2020,0.00,2020,8.94,26.54,3489088.00,897209.00,3329.00,,,,4386297.00,,8.44,38.50,153038.00,716.00,217951.77,5.79,27.58,838268.00,958.00,1018102.29,1220636.00,1284156.07,,,,,,,,,,
01/04/2020,1.00,2020,12.23,30.65,2894430.00,1156858.00,11255.00,,,,4051288.00,,3.83,25.89,37382.00,89.00,49536.55,7.36,28.85,440474.00,1204.00,558385.45,491101.00,536750.73,,,,,,,,,,
01/05/2020,1.00,2020,15.30,34.36,2473734.00,1476496.00,26793.00,,,,3950230.00,,4.05,33.89,45885.00,323.00,62186.17,8.69,31.62,409616.00,1856.00,536368.43,626540.00,669907.24,,,,,,,,,,
01/06/2020,1.00,2020,17.59,37.38,2087262.00,1877042.00,50615.00,,,,3964304.00,,7.31,42.68,66400.00,1504.00,103190.30,5.90,33.46,509356.00,2777.00,696068.50,939450.00,989664.70,,,,,,,,,,
01/07/2020,1.00,2020,19.55,40.05,1949710.00,2171983.00,83290.00,,,,4121693.00,,11.93,48.35,81223.00,4684.00,149831.22,4.54,36.52,522713.00,5443.00,751204.81,1178528.00,1217451.21,,,,,,,,,,
01/08/2020,1.00,2020,14.76,42.12,2309160.00,1976908.00,111093.00,,,,4286068.00,,12.49,52+,83514.00,7785.00,161596.55,4.54,39.38,485135.00,7638.00,686509.45,1114414.00,1145215.73,,,,,,,,,,
01/09/2020,1.00,2020,12.04,43.73,2687007.00,1733830.00,139612.00,,,,4420837.00,,13.10,52+,112665.00,15626.00,215950.30,5.47,42.79,629342.00,14394.00,868752.30,1332834.00,1366715.90,,,,,,,,,,
01/10/2020,1.00,2020,11.12,44.81,2959999.00,1554811.00,167134.00,,,,4514810.00,,12.62,52+,130537.00,21747.00,238854.30,5.52,45.17,688510.00,20227.00,926647.30,1393861.00,1427742.90,,,,,,,,,,
01/11/2020,1.00,2020,10.41,45.12,3089538.00,1437127.00,192236.00,,,,4526665.00,,10.77,52+,135785.00,21261.00,228907.92,5.74,45.56,729888.00,23143.00,961017.88,1348049.00,1380390.81,,,,,,,,,,
01/12/2020,1.00,2020,11.22,47.41,3116387.00,1470899.00,224272.00,,,,4587286.00,,9.18,52+,126349.00,16895.00,197638.92,5.23,45.45,680656.00,21507.00,867116.88,1260501.00,1292842.81,,,,,,,,,,
01/01/2021,1.00,2021,12.12,50.14,3087099.00,1571529.00,304111.00,,,,4658628.00,,7.82,52+,102743.00,8726.00,143782.55,6.16,46.72,663722.00,20692.00,834773.45,1185074.00,1206916.73,,,,,,,,,,
01/02/2021,1.00,2021,12.59,52+,3079177.00,1685124.00,387952.00,,,,4764301.00,,7.79,52+,111890.00,11337.00,157046.55,5.87,48.38,653808.00,26063.00,831781.45,1253853.00,1275695.73,,,,,,,,,,
01/03/2021,1.00,2021,11.58,52+,3186952.00,1763345.00,436127.00,,,,4950297.00,,8.86,52+,148638.00,23733.00,220349.00,5.39,45.47,802184.00,39960.00,1013328.00,1614201.00,1614201.00,,,,,,,,,,
01/04/2021,1.00,2021,11.01,48.69,3311746.00,1811971.00,385379.00,196225.00,64846.00,2608.00,5123717.00,,11.07,68.38,135500.00,28987.00,223606.00,5.83,42.79,730879.00,36035.00,935418.00,1497830.00,1497830.00,,,,,,,,,,
01/05/2021,1.00,2021,10.82,45.34,3576159.00,1729266.00,336779.00,232172.00,79055.00,3927.00,5305425.00,,11.39,72.24,146711.00,31290.00,242793.00,5.93,43.15,753503.00,34536.00,955913.00,1516276.00,1516276.00,,,,,,,,,,
01/06/2021,1.00,2021,10.45,44.16,3749231.00,1704255.00,304823.00,233051.00,85959.00,5727.00,5453486.00,,11.10,73.49,171523.00,30950.00,275835.00,6.03,42.72,846744.00,33299.00,1063055.00,1674642.00,1674642.00,,,,,,,,,,
01/07/2021,1.00,2021,10.91,43.83,3828136.00,1779438.00,293102.00,199472.00,102304.00,7980.00,5607574.00,,10.71,74.27,167303.00,25551.00,261519.00,6.19,41.95,802830.00,28242.00,1007211.00,1605526.00,1605526.00,,,,,,,,,,
01/08/2021,1.00,2021,11.48,44.35,3879564.00,1861185.00,295362.00,178719.00,122653.00,9803.00,5740749.00,,10.34,74.61,154611.00,20551.00,233922.41,6.38,42.47,725295.00,25456.00,911415.00,1469370.00,1472158.23,,,,,,,,,,
01/09/2021,1.00,2021,11.90,44.50,3893944.00,1966102.00,304498.00,165885.00,124911.00,12694.00,5860046.00,4891271.93,11.13,71.81,164412.00,22523.00,254285.00,7.28,43.72,812644.00,30788.00,1045957.00,1626494.00,1629415.00,,,,,,,,,,
01/10/2021,1.00,2021,12.00,44.42,3923337.00,2054200.00,312852.00,158774.00,106258.00,16245.00,5977537.00,4999279.58,11.15,67.22,164782.00,23049.00,254611.00,7.04,44.51,793631.00,32431.00,1028542.00,1588347.00,1588347.00,,,,,,,,,,
01/11/2021,1.00,2021,11.50,42.88,3933682.00,2067994.00,307214.00,148492.00,87437.00,18596.00,6001676.00,5007218.32,11.20,67.04,175797.00,25565.00,275982.00,7.11,44.60,870475.00,38651.00,1144520.00,1683913.00,1683913.00,,,,,,,,,,
01/12/2021,1.00,2021,12.49,43.45,3876780.00,2194513.00,310943.00,155902.00,80121.00,20080.00,6071293.00,5062719.42,10.00,64.67,150073.00,19108.00,225423.00,6.60,43.42,728805.00,31602.00,944504.00,1428240.00,1428240.00,,,,,,,,,,
01/01/2022,1.00,2022,13.13,44.50,3826817.00,2301176.00,317491.00,163160.00,77566.00,24424.00,6127993.00,5145558.96,11.27,66.44,147118.00,19495.00,228477.00,8.11,46.51,762649.00,38948.00,1021768.00,1518507.00,1518507.00,,,,,,,,,,
01/02/2022,1.00,2022,13.19,44.12,3862282.00,2348849.00,306479.00,156787.00,69275.00,22637.00,6211131.00,5220209.64,12.34,69.34,153386.00,22923.00,248845.00,7.83,46.70,755887.00,37870.00,1018365.00,1552698.00,1552698.00,,,,,,,,,,
01/03/2022,1.00,2022,12.22,44.43,3956489.00,2409283.00,310067.00,144772.00,63397.00,16947.00,6365772.00,5322469.33,12.43,70.32,172003.00,26455.00,282348.00,6.94,46.30,862387.00,41827.00,1157241.00,1786268.00,1786268.00,,,,,,,,,,
01/04/2022,1.00,2022,12.57,45.01,4026852.00,2500297.00,324422.00,141816.00,63777.00,12758.00,6527149.00,5446769.73,11.43,65.68,143450.00,19904.00,236174.04,7.00,46.48,702523.00,32949.00,947571.35,1495453.00,1506593.61,,,,,,,,,,
01/05/2022,1.00,2022,12.71,45.26,4239012.00,2429087.00,333303.00,136903.00,59903.00,8057.00,6668099.00,5542877.02,12.37,67.57,172572.00,26499.00,282934.16,7.88,47.95,821538.00,42590.00,1113600.53,1740851.00,1748836.53,,,,,,,,,,
01/06/2022,1.00,2022,13.25,45.71,4230275.00,2559809.00,357761.00,142042.00,54108.00,3875.00,6790084.00,5556773.16,12.67,68.74,161208.00,25966.00,266529.58,7.78,48.77,760633.00,41500.00,1042332.26,1604839.00,1612444.26,,,,,,,,,,
01/07/2022,1.00,2022,13.25,45.93,4238350.00,2699175.00,381384.00,149770.00,52128.00,2890.00,6937525.00,5780950.52,11.98,64.68,162238.00,24627.00,267704.46,7.55,48.81,743003.00,41846.00,1028069.58,1602408.00,1623110.08,,,,,,,,,,
01/08/2022,1.00,2022,13.78,46.38,4299541.00,2773250.00,390852.00,157812.00,51200.00,2651.00,7072791.00,5820553.85,11.95,65.01,168932.00,25425.00,277075.60,7.71,50.16,766941.00,47908.00,1067559.10,1649719.00,1663041.10,,,,,,,,,,
01/09/2022,1.00,2022,13.97,46.84,4245061.00,2896889.00,405209.00,166794.00,50853.00,2250.00,7141950.00,5971931.76,12.56,66.73,169303.00,27326.00,281822.30,8.57,51.53,768691.00,52633.00,1090553.05,1631921.00,1644637.55,,,,,,,,,,
01/10/2022,1.00,2022,13.87,46.53,4306329.00,2907853.00,411274.00,169525.00,50177.00,1906.00,7214182.00,6021724.39,12.46,66.42,170975.00,27344.00,285743.30,8.61,52.45,772075.00,56249.00,1117730.05,1660239.00,1693540.55,,,,,,,,,,
01/11/2022,1.00,2022,13.62,45.31,4284596.00,2903352.00,406799.00,159440.00,49005.00,1420.00,7187948.00,6045409.96,12.31,66.75,184480.00,30470.00,308940.98,8.58,53.59,843738.00,65932.00,1234011.72,1742711.00,1777598.34,,,,,,,,,,
01/12/2022,1.00,2022,14.37,46.30,4148624.00,3051409.00,405930.00,166201.00,54850.00,1222.00,7200033.00,6061108.20,11.03,64.89,150881.00,22246.00,242054.62,7.94,54.25,679478.00,53940.00,974091.38,1402495.00,1422099.76,,,,,,,,,,
01/01/2023,1.00,2023,14.64,46.55,4207644.00,3005476.00,379145.00,144969.00,45610.00,1108.00,7213120.00,6075843.74,12.48,69.31,174604.00,30077.00,287224.00,9.65,61.08,803647.00,84714.00,1192361.00,1720218.00,1720218.00,,,,,,,,,,
01/02/2023,1.00,2023,14.55,46.15,4223233.00,2994638.00,362434.00,122830.00,29756.00,1024.00,7217871.00,6080279.30,12.96,72.23,166553.00,33290.00,280383.00,9.44,60.94,753597.00,81023.00,1118905.00,1646172.00,1646172.00,,,,,,,,,,
01/03/2023,1.00,2023,14.13,45.55,4299276.00,3031910.00,359078.00,94444.00,10718.00,511.00,7331186.00,6115585.73,12.83,73.97,183234.00,38848.00,310709.00,7.91,57.58,843495.00,82459.00,1226053.00,1898949.00,1898949.00,,,,,,,,,,
01/04/2023,1.00,2023,13.79,46.03,4324159.00,3091193.00,371111.00,95135.00,11477.00,523.00,7415352.00,6173453.38,11.54,66.30,147669.00,25583.00,244079.00,7.93,55.97,680445.00,60395.00,977770.00,1520359.00,1520359.00,,,,,,,,,,
01/05/2023,1.00,2023,14.14,46.40,4446821.00,3028373.00,385027.00,96802.00,11446.00,482.00,7475194.00,6272080.35,12.42,66.58,173732.00,31985.00,288185.00,8.91,57.68,806636.00,78952.00,1168337.00,1744188.00,1744188.00,,,,,,,,,,
01/06/2023,1.00,2023,14.30,46.24,4483361.00,3091288.00,383083.00,97275.00,7177.00,314.00,7574649.00,6342033.00,12.32,67.03,183721.00,33725.00,302760.00,8.69,57.42,837890.00,82639.00,1217525.00,1833668.00,1833668.00,,,,,,,,,,
01/07/2023,1.00,2023,14.07,45.88,4498221.00,3176084.00,388505.00,96023.00,7079.00,263.00,7674305.00,6427169.23,11.26,65.37,172961.00,29481.00,279579.00,8.22,57.33,788903.00,78998.00,1147573.00,1752224.00,1752224.00,,,,,,,,,,
01/08/2023,1.00,2023,14.51,46.30,4494969.00,3250815.00,395170.00,108679.00,8680.00,249.00,7745784.00,6473234.73,11.17,65.47,177789.00,30406.00,285952.00,8.20,57.65,784057.00,78321.00,1136915.00,1729570.00,1729570.00,,,,,,,,,,
01/09/2023,1.00,2023,14.70,46.41,4474694.00,3293879.00,391107.00,109135.00,10200.00,227.00,7768573.00,6497073.20,11.83,66.66,174129.00,31179.00,283917.00,9.42,58.71,775875.00,86261.00,1167336.00,1710045.00,1713636.00,,,,,,,,,,
01/10/2023,1.00,2023,14.59,45.81,4481644.00,3222223.00,377315.00,107291.00,10508.00,190.00,7703867.00,6444931.30,12.22,66.91,183207.00,34382.00,301689.00,10.24,58.60,808898.00,98464.00,1253601.00,1778503.00,1778503.00,,,,,,,,,,
01/11/2023,1.00,2023,14.43,44.27,4435328.00,3178514.00,355712.00,94681.00,11215.00,227.00,7613842.00,6385173.05,12.48,67.78,190202.00,39201.00,319449.00,10.03,57.73,843436.00,97429.00,1306568.00,1792086.00,1792086.00,,,,,,,,,,
01/12/2023,1.00,2023,14.99,45.16,4304249.00,3303336.00,338070.00,98567.00,13191.00,283.00,7607585.00,6366070.48,11.41,66.31,153538.00,29096.00,250713.00,9.07,56.65,666059.00,68749.00,1002992.00,1448318.00,1448318.00,,,,,,,,,,
01/01/2024,1.00,2024,15.00,45.30,4321271.00,3254643.00,321394.00,92213.00,14013.00,376.00,7575914.00,6322938.10,12.58,67.90,183881.00,38279.00,308648.00,10.27,58.16,817903.00,89378.00,1262093.00,1808103.00,1808103.00,,,,,,,,,,
01/02/2024,1.00,2024,14.79,44.63,4338109.00,3198798.00,304919.00,75004.00,9969.00,252.00,7536907.00,6294402.76,13.20,68.70,176019.00,40381.00,301266.00,10.11,56.71,764243.00,82367.00,1175101.00,1745503.00,1745503.00,,,,,,,,,,
01/03/2024,1.00,2024,14.87,44.67,4312728.00,3226102.00,309299.00,48967.00,4769.00,232.00,7538830.00,6288564.33,12.98,69.52,176425.00,42198.00,301999.00,8.79,56.16,743773.00,77371.00,1127573.00,1674503.00,1674503.00,,,,,,,,,,
01/04/2024,1.00,2024,13.91,44.76,4411134.00,3161429.00,302589.00,50397.00,5013.00,275.00,7572563.00,6327245.17,11.89,64.31,184249.00,36706.00,310373.00,9.11,55.39,774271.00,75229.00,1170779.00,1757699.00,1757699.00,,,,,,,,,,
01/05/2024,1.00,2024,14.20,44.95,4493966.00,3109846.00,307500.00,55955.00,4597.00,259.00,7603812.00,6377598.51,11.81,64.68,190527.00,37224.00,312925.00,9.30,56.23,809288.00,83202.00,1209902.00,1792092.00,1792092.00,,,,,,,,,,
,,,,,,,,,,,,,,,,,,,,,,,,,,,,,,,,,,
,,,,,,,,,,,,,,,,,,,,,,,,,,,,,,,,,,
,,,,,,,,,,,,,,,,,,,,,,,,,,,,,,,,,,
,,,,,,,,,,,,,,,,,,,,,,,,,,,,,,,,,,
,,,,,,,,,,,,,,,,,,,,,,,,,,,,,,,,,,
,,,,,,,,,,,,,,,,,,,,,,,,,,,,,,,,,,
,,,,,,,,,,,,,,,,,,,,,,,,,,,,,,,,,,
,,,,,,,,,,,,,,,,,,,,,,,,,,,,,,,,,,
,,,,,,,,,,,,,,,,,,,,,,,,,,,,,,,,,,
,,,,,,,,,,,,,,,,,,,,,,,,,,,,,,,,,,
,,,,,,,,,,,,,,,,,,,,,,,,,,,,,,,,,,
,,,,,,,,,,,,,,,,,,,,,,,,,,,,,,,,,,
,,,,,,,,,,,,,,,,,,,,,,,,,,,,,,,,,,
,,,,,,,,,,,,,,,,,,,,,,,,,,,,,,,,,,
,,,,,,,,,,,,,,,,,,,,,,,,,,,,,,,,,,
,,,,,,,,,,,,,,,,,,,,,,,,,,,,,,,,,,
,,,,,,,,,,,,,,,,,,,,,,,,,,,,,,,,,,
,,,,,,,,,,,,,,,,,,,,,,,,,,,,,,,,,,
